{"input image size": [673, 1046], "output image size": [2048, 1024], "bev matrix": [[-0.22470883503987424, -4.486755916213424, 1111.8724520996802], [-0.06321656620337762, -4.538864262989977, 1119.1306605809016], [-4.96199105019286e-05, -0.004387458276016695, 1.0]], "distance to target": [14.232365515813655, 194.30994894635467], "tile_length": 50.0, "cm_per_px": 2, "yaw": 1.0295375127777942}