{"input image size": [683, 1024], "output image size": [2048, 1024], "bev matrix": [[-0.2599406177403185, -2.5871432191934653, 1073.4189364697265], [-0.1555161575176016, -2.583657636509106, 1059.5560376354617], [-0.00015826943492418065, -0.0025287775765299057, 1.0]], "distance to target": [14.291106107989057, 175.00164121024264], "tile_length": 50.0, "cm_per_px": 2, "yaw": 1.5777351373825035}