{"input image size": [655, 993], "output image size": [2048, 1024], "bev matrix": [[0.06628651961935901, -5.302347021670352, 1136.4372453898166], [0.2765489838701944, -5.356092736110571, 1136.4461113902807], [0.0002733611461769833, -0.005167275130288739, 1.0]], "distance to target": [-40.72782223872322, 155.40994261274318], "tile_length": 50.0, "cm_per_px": 2, "yaw": 0.36410341703083254}