{"input image size": [683, 1024], "output image size": [2048, 1024], "bev matrix": [[-0.24229879520149233, -4.797993246210774, 1181.3336000428037], [0.057631234836245264, -4.88812869217059, 1192.0238981801926], [6.378655192779519e-05, -0.004677410095757379, 1.0]], "distance to target": [63.31739527463305, 135.26646955133216], "tile_length": 50.0, "cm_per_px": 2, "yaw": 0.1341102798091709}