{"input image size": [661, 989], "output image size": [2048, 1024], "bev matrix": [[-0.08126825585466141, -5.246227143232678, 1215.326023247766], [0.2550743330796944, -5.290979498752562, 1203.187865743148], [0.0002641725300947082, -0.005083938337887062, 1.0]], "distance to target": [-15.730385076987696, 157.40460992099216], "tile_length": 50.0, "cm_per_px": 2, "yaw": -0.4667242420153834}