{"input image size": [668, 1030], "output image size": [2048, 1024], "bev matrix": [[-0.30455083114826786, -6.755324346808564, 1281.9106580974665], [0.20329584042852974, -6.986727515066995, 1311.717066228128], [0.00019170775616460362, -0.006584987768322688, 1.0]], "distance to target": [49.03606832597756, 140.89418180973055], "tile_length": 50.0, "cm_per_px": 2, "yaw": -0.006293932388708721}