{"input image size": [683, 1024], "output image size": [2048, 1024], "bev matrix": [[-0.0676270897252385, -4.927509951671921, 1184.793217738554], [0.20701133544828426, -4.979006464800172, 1184.442802757241], [0.00022363630015821004, -0.004787853044633347, 1.0]], "distance to target": [30.32471118063023, 144.13678573502233], "tile_length": 50.0, "cm_per_px": 2, "yaw": -0.14234067637369582}