{
    "input image size": [
        683,
        1024
    ],
    "output image size": [
        2048,
        1024
    ],
    "bev matrix": [
        [
            -0.15961296915324147,
            -2.7844584499616003,
            1076.5554667492122
        ],
        [
            -0.056164582124743394,
            -2.780602541827271,
            1067.4387841408955
        ],
        [
            -5.4049132471415724e-05,
            -0.0027210348813144908,
            1.0
        ]
    ],
    "distance to target": [
        66.1782363353156,
        171.61165919734282
    ],
    "tile_length": 50.0,
    "cm_per_px": 2,
    "yaw": -1.5521719552253874,
    "is_laserscan": false
}