{
  "input image size": [683, 1024],
  "output image size": [2048, 1024],
  "bev matrix": [
    [-0.12212900597818831, -4.604274810710845, 1104.1442185723458],
    [0.03512827799565361, -4.622453625561178, 1094.082367691597],
    [3.774706360743968e-5, -0.004501983911585218, 1.0]
  ],
  "distance to target": [-29.782147636615125, 200.8857255752692],
  "tile_length": 50.0,
  "cm_per_px": 2,
  "yaw": 2.5302470526925025
}
