{
  "input image size": [673, 1046],
  "output image size": [2048, 1024],
  "bev matrix": [
    [-0.2586201845929908, -4.421583465837653, 1111.1293260448485],
    [-0.09593791217466452, -4.452221549052748, 1107.7419162190747],
    [-8.666911247671102e-5, -0.004320014617668411, 1.0]
  ],
  "distance to target": [25.855817678839294, 229.19480480344077],
  "tile_length": 50.0,
  "cm_per_px": 2,
  "yaw": 2.795462609850468
}
