{
    "input image size": [
        673,
        1046
    ],
    "output image size": [
        2048,
        1024
    ],
    "bev matrix": [
        [
            -0.3205644798696234,
            -3.5537797469938526,
            1092.9914132177057
        ],
        [
            -0.18032258230030757,
            -3.5896432590920697,
            1092.098978594487
        ],
        [
            -0.0001785930617253101,
            -0.0034765866189643835,
            1.0
        ]
    ],
    "distance to target": [
        -14.672220800994204,
        171.8804807916393
    ],
    "tile_length": 50.0,
    "cm_per_px": 2,
    "yaw": -2.793393343062819,
    "is_laserscan": false

}