{
  "input image size": [655, 993],
  "output image size": [2048, 1024],
  "bev matrix": [
    [0.11752535605996967, -5.2358752703065266, 1134.135759693568],
    [0.3102329511467806, -5.269518506199402, 1131.417257988252],
    [0.00031569327520270294, -0.0050982634432340575, 1.0]
  ],
  "distance to target": [-25.964272675309026, 213.64057432113972],
  "tile_length": 50.0,
  "cm_per_px": 2,
  "yaw": 0.725878219934891
}
