{
  "input image size": [683, 1024],
  "output image size": [2048, 1024],
  "bev matrix": [
    [-0.22355485926592017, -3.7374540477041025, 1086.7113331123876],
    [-0.09992145584613091, -3.7251158295793307, 1070.3535916139137],
    [-9.572237287030034e-5, -0.0036552453443904377, 1.0]
  ],
  "distance to target": [-11.17015679654951, 239.07840831716544],
  "tile_length": 50.0,
  "cm_per_px": 2,
  "yaw": 2.5904343084911585
}
