{
    "input image size": [
        683,
        1024
    ],
    "output image size": [
        2048,
        1024
    ],
    "bev matrix": [
        [
            -0.1872483233104161,
            -5.00940695157624,
            1124.7038915923176
        ],
        [
            0.005934567015186567,
            -5.072433078826048,
            1128.0785149124815
        ],
        [
            7.764056692779154e-06,
            -0.004890230569089625,
            1.0
        ]
    ],
    "distance to target": [
        -17.907824563188893,
        128.8779375137275
    ],
    "tile_length": 50.0,
    "cm_per_px": 2,
    "yaw": 0.8913249027114863,
    "is_laserscan": true
}