{
    "input image size": [
        655,
        993
    ],
    "output image size": [
        2048,
        1024
    ],
    "bev matrix": [
        [
            0.1759994815602678,
            -4.970457317229084,
            1122.4535629811865
        ],
        [
            0.3481513284854683,
            -4.984411018357172,
            1118.2931269612207
        ],
        [
            0.00035340658649132497,
            -0.004842744449055608,
            1.0
        ]
    ],
    "distance to target": [
        43.93476424927478,
        182.9154737281147
    ],
    "tile_length": 50.0,
    "cm_per_px": 2,
    "yaw": 3.1086064381714906,
    "is_laserscan": false
}